show_id,title,genre,release_date,production_cost
show_0204,DRA Series 204,Drama,2017-01-03,10135876
show_0338,DOC Series 338,Documentary,2017-01-09,1208891
show_0182,DRA Series 182,Drama,2017-01-14,9977957
show_0467,ROM Series 467,Romance,2017-01-15,3504031
show_0036,THR Series 36,Thriller,2017-01-27,9305376
show_0260,THR Series 260,Thriller,2017-01-30,10138909
show_0435,THR Series 435,Thriller,2017-02-02,13339919
show_0411,COM Series 411,Comedy,2017-02-08,3094981
show_0480,COM Series 480,Comedy,2017-02-09,3428325
show_0166,ROM Series 166,Romance,2017-02-17,3289872
show_0325,SCI Series 325,Sci-Fi,2017-03-02,33820336
show_0208,DRA Series 208,Drama,2017-03-21,12440773
show_0254,SCI Series 254,Sci-Fi,2017-03-28,25807309
show_0003,SCI Series 3,Sci-Fi,2017-04-13,32092810
show_0024,ANI Series 24,Animation,2017-04-19,21967925
show_0018,DRA Series 18,Drama,2017-05-03,9595612
show_0267,DRA Series 267,Drama,2017-05-09,7569329
show_0017,THR Series 17,Thriller,2017-05-11,8935343
show_0114,THR Series 114,Thriller,2017-05-12,12154083
show_0486,DRA Series 486,Drama,2017-05-28,7170460
show_0386,ANI Series 386,Animation,2017-06-12,13781899
show_0497,SCI Series 497,Sci-Fi,2017-06-13,36133145
show_0493,COM Series 493,Comedy,2017-06-21,4537096
show_0055,ROM Series 55,Romance,2017-06-27,1344824
show_0466,COM Series 466,Comedy,2017-06-30,4251345
show_0071,DOC Series 71,Documentary,2017-07-07,1351301
show_0149,DOC Series 149,Documentary,2017-07-12,1385767
show_0365,COM Series 365,Comedy,2017-07-25,4856445
show_0322,DRA Series 322,Drama,2017-07-27,10239051
show_0461,ANI Series 461,Animation,2017-07-28,28393752
show_0296,DOC Series 296,Documentary,2017-08-10,749488
show_0112,SCI Series 112,Sci-Fi,2017-08-18,43222031
show_0371,DOC Series 371,Documentary,2017-08-21,705618
show_0364,THR Series 364,Thriller,2017-08-23,12447860
show_0213,THR Series 213,Thriller,2017-08-26,14225889
show_0357,DRA Series 357,Drama,2017-08-28,12011098
show_0335,THR Series 335,Thriller,2017-08-29,7103346
show_0264,THR Series 264,Thriller,2017-08-30,5423610
show_0301,DRA Series 301,Drama,2017-09-06,9628621
show_0361,SCI Series 361,Sci-Fi,2017-09-07,24006671
show_0158,DOC Series 158,Documentary,2017-09-18,1017743
show_0252,COM Series 252,Comedy,2017-09-20,4600800
show_0118,ANI Series 118,Animation,2017-09-29,19157434
show_0266,ANI Series 266,Animation,2017-10-04,13554289
show_0377,THR Series 377,Thriller,2017-10-06,11732336
show_0375,THR Series 375,Thriller,2017-10-08,10914327
show_0423,THR Series 423,Thriller,2017-10-09,7326143
show_0220,DRA Series 220,Drama,2017-10-11,10696808
show_0070,THR Series 70,Thriller,2017-10-12,14319423
show_0269,DRA Series 269,Drama,2017-10-18,7973735
show_0261,COM Series 261,Comedy,2017-10-18,4315900
show_0093,THR Series 93,Thriller,2017-10-20,14203503
show_0410,DRA Series 410,Drama,2017-10-25,10496396
show_0416,COM Series 416,Comedy,2017-10-28,5223796
show_0482,COM Series 482,Comedy,2017-11-05,4989652
show_0318,COM Series 318,Comedy,2017-11-05,2212088
show_0216,ROM Series 216,Romance,2017-11-19,3717779
show_0061,HOR Series 61,Horror,2017-11-19,2986087
show_0076,SCI Series 76,Sci-Fi,2017-11-23,36551921
show_0373,ROM Series 373,Romance,2017-11-25,3850122
show_0388,ANI Series 388,Animation,2017-12-02,25941091
show_0217,HOR Series 217,Horror,2017-12-17,3221608
show_0014,COM Series 14,Comedy,2017-12-23,4355705
show_0147,DRA Series 147,Drama,2018-01-08,6762644
show_0462,COM Series 462,Comedy,2018-01-14,4170129
show_0048,COM Series 48,Comedy,2018-01-15,4466414
show_0326,DRA Series 326,Drama,2018-01-18,13118318
show_0019,SCI Series 19,Sci-Fi,2018-01-19,28279122
show_0287,SCI Series 287,Sci-Fi,2018-01-22,11229304
show_0050,ANI Series 50,Animation,2018-02-01,23211840
show_0288,HOR Series 288,Horror,2018-02-02,3513482
show_0321,DOC Series 321,Documentary,2018-02-06,1223103
show_0300,DRA Series 300,Drama,2018-02-08,10669357
show_0415,THR Series 415,Thriller,2018-02-14,12285962
show_0078,COM Series 78,Comedy,2018-02-18,3471408
show_0047,COM Series 47,Comedy,2018-02-23,4734798
show_0010,DOC Series 10,Documentary,2018-02-24,814398
show_0440,SCI Series 440,Sci-Fi,2018-03-01,33757750
show_0190,ANI Series 190,Animation,2018-03-12,15851782
show_0444,ROM Series 444,Romance,2018-03-15,2070315
show_0306,DOC Series 306,Documentary,2018-03-24,1608462
show_0150,SCI Series 150,Sci-Fi,2018-03-26,39924479
show_0002,COM Series 2,Comedy,2018-04-02,5398628
show_0177,HOR Series 177,Horror,2018-04-02,4434238
show_0209,COM Series 209,Comedy,2018-04-04,4802845
show_0481,THR Series 481,Thriller,2018-04-04,9477274
show_0169,DOC Series 169,Documentary,2018-04-15,1388215
show_0443,SCI Series 443,Sci-Fi,2018-04-18,33094278
show_0381,THR Series 381,Thriller,2018-05-07,10947955
show_0249,SCI Series 249,Sci-Fi,2018-05-11,21740611
show_0059,DRA Series 59,Drama,2018-05-27,7642358
show_0224,ANI Series 224,Animation,2018-05-31,19406063
show_0492,ROM Series 492,Romance,2018-06-07,5531689
show_0225,ROM Series 225,Romance,2018-06-10,3686976
show_0470,ROM Series 470,Romance,2018-06-20,2826430
show_0403,THR Series 403,Thriller,2018-06-21,10592557
show_0277,DRA Series 277,Drama,2018-06-26,8898739
show_0421,SCI Series 421,Sci-Fi,2018-06-27,31348841
show_0441,SCI Series 441,Sci-Fi,2018-07-05,22181363
show_0144,ROM Series 144,Romance,2018-07-21,2720080
show_0131,SCI Series 131,Sci-Fi,2018-07-26,47917770
show_0008,COM Series 8,Comedy,2018-07-26,6187962
show_0312,COM Series 312,Comedy,2018-07-29,5735411
show_0129,ROM Series 129,Romance,2018-08-09,4549576
show_0490,ROM Series 490,Romance,2018-08-30,4715007
show_0484,DRA Series 484,Drama,2018-09-03,7824442
show_0197,SCI Series 197,Sci-Fi,2018-09-19,39533537
show_0151,DOC Series 151,Documentary,2018-09-19,1014627
show_0353,DOC Series 353,Documentary,2018-09-27,1317531
show_0447,COM Series 447,Comedy,2018-09-29,5891749
show_0043,SCI Series 43,Sci-Fi,2018-09-29,19359372
show_0370,DRA Series 370,Drama,2018-10-07,3351622
show_0427,DOC Series 427,Documentary,2018-10-09,670163
show_0180,ROM Series 180,Romance,2018-10-10,2803340
show_0038,THR Series 38,Thriller,2018-10-16,11772589
show_0153,THR Series 153,Thriller,2018-10-18,11392627
show_0473,COM Series 473,Comedy,2018-10-24,7946720
show_0200,ROM Series 200,Romance,2018-10-24,3155863
show_0084,COM Series 84,Comedy,2018-10-29,8173953
show_0100,THR Series 100,Thriller,2018-11-01,11281216
show_0336,DOC Series 336,Documentary,2018-11-06,1070241
show_0229,DRA Series 229,Drama,2018-11-08,7930267
show_0329,COM Series 329,Comedy,2018-11-13,6887214
show_0096,ROM Series 96,Romance,2018-12-02,5268390
show_0188,ROM Series 188,Romance,2019-01-02,4203823
show_0314,DRA Series 314,Drama,2019-01-22,12587302
show_0374,COM Series 374,Comedy,2019-02-01,5659706
show_0354,DRA Series 354,Drama,2019-02-17,7953814
show_0286,ANI Series 286,Animation,2019-02-19,15546739
show_0309,SCI Series 309,Sci-Fi,2019-02-19,33660331
show_0308,COM Series 308,Comedy,2019-02-24,5111742
show_0068,COM Series 68,Comedy,2019-02-27,4990775
show_0196,DRA Series 196,Drama,2019-03-26,9988593
show_0026,COM Series 26,Comedy,2019-03-26,3020882
show_0239,ANI Series 239,Animation,2019-04-04,18900605
show_0454,THR Series 454,Thriller,2019-04-14,6724203
show_0396,ROM Series 396,Romance,2019-04-17,3969042
show_0087,THR Series 87,Thriller,2019-05-09,13852923
show_0499,THR Series 499,Thriller,2019-05-11,14259913
show_0451,DRA Series 451,Drama,2019-05-13,12299569
show_0119,DRA Series 119,Drama,2019-05-15,13593391
show_0234,DOC Series 234,Documentary,2019-05-18,1041522
show_0123,DOC Series 123,Documentary,2019-05-21,1041256
show_0418,SCI Series 418,Sci-Fi,2019-05-24,18606150
show_0333,COM Series 333,Comedy,2019-05-26,6204813
show_0275,ROM Series 275,Romance,2019-05-28,3126026
show_0044,DRA Series 44,Drama,2019-06-01,12606229
show_0356,COM Series 356,Comedy,2019-06-11,4813704
show_0020,THR Series 20,Thriller,2019-06-15,13168047
show_0143,DOC Series 143,Documentary,2019-06-18,817315
show_0107,HOR Series 107,Horror,2019-06-19,2660653
show_0032,SCI Series 32,Sci-Fi,2019-06-22,25323920
show_0259,DRA Series 259,Drama,2019-06-22,12128386
show_0007,COM Series 7,Comedy,2019-07-04,1734314
show_0251,ANI Series 251,Animation,2019-07-10,27247917
show_0073,SCI Series 73,Sci-Fi,2019-07-23,26299256
show_0265,SCI Series 265,Sci-Fi,2019-07-27,36385516
show_0113,DRA Series 113,Drama,2019-07-28,12643559
show_0257,DRA Series 257,Drama,2019-08-01,9745126
show_0021,COM Series 21,Comedy,2019-08-11,8472891
show_0077,DRA Series 77,Drama,2019-08-12,11622717
show_0379,COM Series 379,Comedy,2019-08-22,5123432
show_0328,COM Series 328,Comedy,2019-08-27,5504776
show_0271,SCI Series 271,Sci-Fi,2019-09-02,22040530
show_0400,COM Series 400,Comedy,2019-09-05,5126022
show_0212,ROM Series 212,Romance,2019-09-08,4362476
show_0214,DOC Series 214,Documentary,2019-09-14,1369165
show_0282,COM Series 282,Comedy,2019-09-23,5159207
show_0424,ROM Series 424,Romance,2019-09-28,3599619
show_0099,COM Series 99,Comedy,2019-09-30,6098342
show_0006,COM Series 6,Comedy,2019-10-01,4343538
show_0383,THR Series 383,Thriller,2019-10-06,12703956
show_0132,THR Series 132,Thriller,2019-10-08,17530241
show_0250,DOC Series 250,Documentary,2019-10-13,1121918
show_0307,DOC Series 307,Documentary,2019-10-16,1042432
show_0317,DRA Series 317,Drama,2019-10-21,8308967
show_0460,ANI Series 460,Animation,2019-10-26,14284868
show_0164,ROM Series 164,Romance,2019-10-27,4581314
show_0395,ROM Series 395,Romance,2019-12-05,4971823
show_0472,COM Series 472,Comedy,2019-12-09,4529309
show_0136,SCI Series 136,Sci-Fi,2019-12-13,17481507
show_0185,SCI Series 185,Sci-Fi,2019-12-15,34603810
show_0457,COM Series 457,Comedy,2019-12-18,2582902
show_0054,DOC Series 54,Documentary,2019-12-20,908044
show_0442,THR Series 442,Thriller,2019-12-20,15833780
show_0130,SCI Series 130,Sci-Fi,2019-12-21,20468461
show_0230,THR Series 230,Thriller,2019-12-22,11088407
show_0420,ROM Series 420,Romance,2019-12-23,4987122
show_0340,DRA Series 340,Drama,2019-12-23,16608929
show_0401,SCI Series 401,Sci-Fi,2019-12-24,17778053
show_0173,COM Series 173,Comedy,2019-12-29,4700969
show_0089,COM Series 89,Comedy,2019-12-30,5282860
show_0117,ROM Series 117,Romance,2020-01-02,4304449
show_0103,COM Series 103,Comedy,2020-01-11,3796230
show_0448,ROM Series 448,Romance,2020-01-21,4047017
show_0005,SCI Series 5,Sci-Fi,2020-02-01,25643414
show_0465,COM Series 465,Comedy,2020-02-08,4353083
show_0080,SCI Series 80,Sci-Fi,2020-02-13,28792970
show_0042,SCI Series 42,Sci-Fi,2020-02-13,29543519
show_0035,COM Series 35,Comedy,2020-02-14,6474645
show_0315,DOC Series 315,Documentary,2020-02-15,932449
show_0272,COM Series 272,Comedy,2020-02-15,4182033
show_0449,HOR Series 449,Horror,2020-02-29,3917378
show_0426,DRA Series 426,Drama,2020-03-13,12323706
show_0344,DRA Series 344,Drama,2020-03-14,7150614
show_0075,SCI Series 75,Sci-Fi,2020-03-31,42799537
show_0063,COM Series 63,Comedy,2020-04-15,5127935
show_0178,DRA Series 178,Drama,2020-04-17,12663068
show_0355,COM Series 355,Comedy,2020-04-30,3593226
show_0192,SCI Series 192,Sci-Fi,2020-05-07,40200835
show_0438,ROM Series 438,Romance,2020-05-11,3919584
show_0406,THR Series 406,Thriller,2020-05-13,16711484
show_0431,THR Series 431,Thriller,2020-05-24,10638767
show_0211,DRA Series 211,Drama,2020-06-13,5218234
show_0494,THR Series 494,Thriller,2020-06-16,9499323
show_0241,DOC Series 241,Documentary,2020-06-30,1245387
show_0363,DRA Series 363,Drama,2020-07-08,8306084
show_0399,SCI Series 399,Sci-Fi,2020-07-10,20336645
show_0122,DOC Series 122,Documentary,2020-07-12,1044045
show_0115,THR Series 115,Thriller,2020-07-16,9122976
show_0394,ANI Series 394,Animation,2020-07-19,15547850
show_0408,DOC Series 408,Documentary,2020-07-19,1201648
show_0206,DRA Series 206,Drama,2020-08-20,14649918
show_0109,ROM Series 109,Romance,2020-08-21,3073953
show_0268,DRA Series 268,Drama,2020-09-15,10198706
show_0468,HOR Series 468,Horror,2020-09-28,2873914
show_0046,ROM Series 46,Romance,2020-10-10,2504946
show_0253,COM Series 253,Comedy,2020-10-16,3980626
show_0304,THR Series 304,Thriller,2020-10-21,14280753
show_0176,HOR Series 176,Horror,2020-10-25,2540179
show_0041,DRA Series 41,Drama,2020-10-25,9003404
show_0453,ROM Series 453,Romance,2020-11-05,2318180
show_0052,ANI Series 52,Animation,2020-11-09,18789990
show_0422,DRA Series 422,Drama,2020-11-30,9162869
show_0291,ROM Series 291,Romance,2020-12-22,3275998
show_0086,DOC Series 86,Documentary,2020-12-26,1297682
show_0498,HOR Series 498,Horror,2021-01-05,1882955
show_0051,ROM Series 51,Romance,2021-01-10,5371862
show_0066,COM Series 66,Comedy,2021-01-21,4676214
show_0142,DRA Series 142,Drama,2021-01-22,14128377
show_0210,DOC Series 210,Documentary,2021-01-26,661236
show_0495,COM Series 495,Comedy,2021-02-02,5522816
show_0083,ROM Series 83,Romance,2021-02-03,5363887
show_0487,COM Series 487,Comedy,2021-02-21,5300028
show_0425,ROM Series 425,Romance,2021-02-22,2912219
show_0085,SCI Series 85,Sci-Fi,2021-02-25,19199689
show_0245,DRA Series 245,Drama,2021-03-10,9984502
show_0198,DRA Series 198,Drama,2021-03-12,11927158
show_0060,HOR Series 60,Horror,2021-03-31,4052969
show_0337,COM Series 337,Comedy,2021-04-02,5213243
show_0102,DRA Series 102,Drama,2021-04-04,10234414
show_0049,ANI Series 49,Animation,2021-04-06,20256517
show_0079,THR Series 79,Thriller,2021-04-06,13861645
show_0160,COM Series 160,Comedy,2021-04-13,5259498
show_0159,HOR Series 159,Horror,2021-04-26,2635175
show_0339,DRA Series 339,Drama,2021-05-19,10451327
show_0126,DRA Series 126,Drama,2021-06-09,10893261
show_0402,DRA Series 402,Drama,2021-06-10,11379659
show_0242,ANI Series 242,Animation,2021-06-23,19488153
show_0141,THR Series 141,Thriller,2021-06-24,13131889
show_0334,THR Series 334,Thriller,2021-07-01,14920672
show_0116,COM Series 116,Comedy,2021-07-02,6727506
show_0302,SCI Series 302,Sci-Fi,2021-07-08,26944049
show_0380,COM Series 380,Comedy,2021-07-12,4837069
show_0330,ANI Series 330,Animation,2021-07-23,19809155
show_0285,COM Series 285,Comedy,2021-07-26,3964270
show_0293,ANI Series 293,Animation,2021-08-11,27194942
show_0389,ROM Series 389,Romance,2021-09-14,2758499
show_0031,ROM Series 31,Romance,2021-09-15,3792834
show_0016,SCI Series 16,Sci-Fi,2021-09-25,37105799
show_0313,COM Series 313,Comedy,2021-09-25,5679354
show_0156,THR Series 156,Thriller,2021-09-26,15841622
show_0040,DRA Series 40,Drama,2021-09-28,10845453
show_0345,DOC Series 345,Documentary,2021-09-29,1045971
show_0233,DRA Series 233,Drama,2021-09-30,12566450
show_0292,THR Series 292,Thriller,2021-10-01,10402259
show_0464,DRA Series 464,Drama,2021-10-01,14052771
show_0478,DRA Series 478,Drama,2021-10-18,12709024
show_0139,COM Series 139,Comedy,2021-10-21,5397209
show_0491,THR Series 491,Thriller,2021-10-27,15025562
show_0290,ROM Series 290,Romance,2021-11-01,3915091
show_0179,COM Series 179,Comedy,2021-11-16,6506154
show_0428,DRA Series 428,Drama,2021-11-30,9434387
show_0246,COM Series 246,Comedy,2021-11-30,5503899
show_0475,SCI Series 475,Sci-Fi,2021-12-15,27280987
show_0319,THR Series 319,Thriller,2021-12-21,7259244
show_0311,SCI Series 311,Sci-Fi,2022-01-12,25541130
show_0033,ROM Series 33,Romance,2022-01-14,2491847
show_0248,SCI Series 248,Sci-Fi,2022-01-24,29435223
show_0081,DOC Series 81,Documentary,2022-02-01,910814
show_0181,ROM Series 181,Romance,2022-02-02,3300853
show_0343,THR Series 343,Thriller,2022-02-07,12750732
show_0407,COM Series 407,Comedy,2022-02-16,4802373
show_0412,DOC Series 412,Documentary,2022-02-21,800390
show_0128,DRA Series 128,Drama,2022-02-23,9162957
show_0057,SCI Series 57,Sci-Fi,2022-02-25,33397022
show_0101,ROM Series 101,Romance,2022-03-09,6734422
show_0316,ROM Series 316,Romance,2022-03-10,4947617
show_0294,COM Series 294,Comedy,2022-03-28,7024515
show_0162,THR Series 162,Thriller,2022-04-02,10933534
show_0281,DOC Series 281,Documentary,2022-04-21,1006923
show_0284,COM Series 284,Comedy,2022-04-22,4217509
show_0227,HOR Series 227,Horror,2022-05-01,1973557
show_0367,SCI Series 367,Sci-Fi,2022-05-07,49274451
show_0332,SCI Series 332,Sci-Fi,2022-05-26,26665218
show_0274,THR Series 274,Thriller,2022-06-12,14731692
show_0331,DOC Series 331,Documentary,2022-06-13,1321744
show_0219,HOR Series 219,Horror,2022-06-14,3206726
show_0352,ANI Series 352,Animation,2022-06-17,7556682
show_0459,COM Series 459,Comedy,2022-06-25,4792846
show_0207,DRA Series 207,Drama,2022-06-25,9722670
show_0146,SCI Series 146,Sci-Fi,2022-07-15,44040043
show_0125,DRA Series 125,Drama,2022-08-07,5528759
show_0186,SCI Series 186,Sci-Fi,2022-08-13,40184106
show_0368,SCI Series 368,Sci-Fi,2022-08-22,21696717
show_0022,COM Series 22,Comedy,2022-09-01,6492050
show_0458,THR Series 458,Thriller,2022-09-02,8377813
show_0419,DRA Series 419,Drama,2022-09-04,5776107
show_0194,ANI Series 194,Animation,2022-09-11,25065145
show_0189,THR Series 189,Thriller,2022-09-11,15463063
show_0372,COM Series 372,Comedy,2022-09-12,5254627
show_0145,SCI Series 145,Sci-Fi,2022-09-19,28219560
show_0270,DOC Series 270,Documentary,2022-10-07,773865
show_0247,THR Series 247,Thriller,2022-10-21,11631266
show_0393,DRA Series 393,Drama,2022-11-12,5616326
show_0231,DRA Series 231,Drama,2022-12-02,10287154
show_0434,SCI Series 434,Sci-Fi,2022-12-07,31003857
show_0163,DRA Series 163,Drama,2022-12-08,10905035
show_0203,SCI Series 203,Sci-Fi,2022-12-13,33552205
show_0369,ROM Series 369,Romance,2022-12-16,5388582
show_0222,ROM Series 222,Romance,2022-12-22,3944515
show_0097,THR Series 97,Thriller,2022-12-28,9397077
show_0310,ROM Series 310,Romance,2023-01-06,5580134
show_0058,COM Series 58,Comedy,2023-01-06,4792424
show_0171,SCI Series 171,Sci-Fi,2023-01-09,30091099
show_0417,SCI Series 417,Sci-Fi,2023-01-12,34556751
show_0135,ROM Series 135,Romance,2023-01-17,3555501
show_0276,DRA Series 276,Drama,2023-01-18,9991760
show_0235,SCI Series 235,Sci-Fi,2023-01-18,41167839
show_0201,COM Series 201,Comedy,2023-01-19,5087066
show_0324,DOC Series 324,Documentary,2023-01-24,1142234
show_0360,HOR Series 360,Horror,2023-01-30,3387502
show_0429,ANI Series 429,Animation,2023-02-04,21675143
show_0030,THR Series 30,Thriller,2023-02-11,14663245
show_0013,DRA Series 13,Drama,2023-02-12,10305548
show_0485,ROM Series 485,Romance,2023-02-13,5323875
show_0228,THR Series 228,Thriller,2023-03-02,13606475
show_0320,ANI Series 320,Animation,2023-03-05,18072240
show_0476,SCI Series 476,Sci-Fi,2023-03-10,34378503
show_0062,COM Series 62,Comedy,2023-03-12,2908119
show_0489,ROM Series 489,Romance,2023-03-14,4405618
show_0446,DRA Series 446,Drama,2023-03-17,10707581
show_0165,COM Series 165,Comedy,2023-03-17,5689671
show_0256,DOC Series 256,Documentary,2023-03-19,952117
show_0437,ANI Series 437,Animation,2023-03-22,23080812
show_0349,SCI Series 349,Sci-Fi,2023-03-27,38032474
show_0106,HOR Series 106,Horror,2023-04-01,3555256
show_0479,SCI Series 479,Sci-Fi,2023-04-17,16885898
show_0025,SCI Series 25,Sci-Fi,2023-04-18,22431860
show_0134,COM Series 134,Comedy,2023-04-19,5552593
show_0414,DRA Series 414,Drama,2023-04-26,5616066
show_0392,DOC Series 392,Documentary,2023-05-05,646744
show_0215,ANI Series 215,Animation,2023-05-13,17668750
show_0120,THR Series 120,Thriller,2023-05-13,12021919
show_0382,COM Series 382,Comedy,2023-05-23,4713480
show_0279,COM Series 279,Comedy,2023-05-28,6744665
show_0280,DRA Series 280,Drama,2023-06-19,6725877
show_0067,SCI Series 67,Sci-Fi,2023-06-23,32548657
show_0384,DOC Series 384,Documentary,2023-06-30,1063189
show_0358,DOC Series 358,Documentary,2023-07-01,960697
show_0488,THR Series 488,Thriller,2023-07-14,12916663
show_0140,THR Series 140,Thriller,2023-07-19,7163318
show_0391,DRA Series 391,Drama,2023-07-19,11890879
show_0366,COM Series 366,Comedy,2023-07-21,5193796
show_0138,COM Series 138,Comedy,2023-07-23,7076627
show_0255,SCI Series 255,Sci-Fi,2023-08-07,19244333
show_0258,ROM Series 258,Romance,2023-08-08,4042134
show_0034,SCI Series 34,Sci-Fi,2023-08-11,38247352
show_0015,SCI Series 15,Sci-Fi,2023-08-16,25498096
show_0385,THR Series 385,Thriller,2023-09-02,10028300
show_0376,COM Series 376,Comedy,2023-09-04,4913013
show_0161,ROM Series 161,Romance,2023-09-07,3377763
show_0157,DRA Series 157,Drama,2023-09-09,11717121
show_0205,DRA Series 205,Drama,2023-09-20,8920144
show_0023,HOR Series 23,Horror,2023-10-02,3163979
show_0053,COM Series 53,Comedy,2023-10-09,4679212
show_0450,DOC Series 450,Documentary,2023-10-14,829142
show_0232,ROM Series 232,Romance,2023-10-21,5551263
show_0195,SCI Series 195,Sci-Fi,2023-10-31,27732568
show_0094,COM Series 94,Comedy,2023-11-01,3806878
show_0432,DRA Series 432,Drama,2023-11-11,11582354
show_0065,SCI Series 65,Sci-Fi,2023-12-09,33583156
show_0387,SCI Series 387,Sci-Fi,2023-12-12,17476656
show_0413,THR Series 413,Thriller,2023-12-20,13721901
show_0191,HOR Series 191,Horror,2024-01-06,2501829
show_0152,ROM Series 152,Romance,2024-01-15,6347997
show_0064,DRA Series 64,Drama,2024-01-19,8918477
show_0263,DRA Series 263,Drama,2024-01-29,8433690
show_0456,COM Series 456,Comedy,2024-02-11,3994016
show_0463,HOR Series 463,Horror,2024-02-12,3875327
show_0095,COM Series 95,Comedy,2024-02-14,5962472
show_0082,THR Series 82,Thriller,2024-02-17,13668365
show_0471,THR Series 471,Thriller,2024-02-23,13030856
show_0193,ROM Series 193,Romance,2024-03-02,1962924
show_0001,DOC Series 1,Documentary,2024-03-04,722030
show_0104,SCI Series 104,Sci-Fi,2024-03-06,37328850
show_0175,ANI Series 175,Animation,2024-03-10,16780318
show_0127,SCI Series 127,Sci-Fi,2024-03-18,23301598
show_0405,SCI Series 405,Sci-Fi,2024-03-28,42154001
show_0299,COM Series 299,Comedy,2024-03-31,3576073
show_0092,THR Series 92,Thriller,2024-04-08,8349435
show_0028,DRA Series 28,Drama,2024-04-15,7798522
show_0244,COM Series 244,Comedy,2024-04-15,5995507
show_0323,SCI Series 323,Sci-Fi,2024-04-25,31238958
show_0298,DRA Series 298,Drama,2024-04-30,9233209
show_0433,COM Series 433,Comedy,2024-05-02,6023106
show_0124,SCI Series 124,Sci-Fi,2024-05-08,23580533
show_0390,DOC Series 390,Documentary,2024-05-16,795924
show_0289,SCI Series 289,Sci-Fi,2024-05-23,32926900
show_0226,SCI Series 226,Sci-Fi,2024-05-26,18006574
show_0072,DRA Series 72,Drama,2024-06-01,13480814
show_0350,SCI Series 350,Sci-Fi,2024-06-04,25628995
show_0439,COM Series 439,Comedy,2024-06-10,3243550
show_0436,HOR Series 436,Horror,2024-06-28,2840046
show_0273,SCI Series 273,Sci-Fi,2024-07-03,31636670
show_0397,DOC Series 397,Documentary,2024-07-06,1538810
show_0088,SCI Series 88,Sci-Fi,2024-07-08,39128031
show_0243,SCI Series 243,Sci-Fi,2024-07-14,29889613
show_0404,SCI Series 404,Sci-Fi,2024-07-14,33952031
show_0297,DRA Series 297,Drama,2024-07-21,8853452
show_0378,COM Series 378,Comedy,2024-07-28,5037480
show_0011,DRA Series 11,Drama,2024-08-03,8426313
show_0167,HOR Series 167,Horror,2024-08-18,1659246
show_0155,ANI Series 155,Animation,2024-08-19,9461804
show_0170,ROM Series 170,Romance,2024-08-24,3560482
show_0500,DRA Series 500,Drama,2024-08-25,6624379
show_0091,SCI Series 91,Sci-Fi,2024-08-31,31311248
show_0108,DOC Series 108,Documentary,2024-09-05,1194262
show_0455,COM Series 455,Comedy,2024-09-16,4624549
show_0105,THR Series 105,Thriller,2024-09-19,11627603
show_0238,DRA Series 238,Drama,2024-09-26,13610847
show_0483,THR Series 483,Thriller,2024-10-01,1557574
show_0346,ANI Series 346,Animation,2024-10-24,18450429
show_0039,ROM Series 39,Romance,2024-10-30,5495434
show_0029,SCI Series 29,Sci-Fi,2024-11-12,34365921
show_0090,SCI Series 90,Sci-Fi,2024-11-14,36355511
show_0430,THR Series 430,Thriller,2024-11-21,13855986
show_0069,THR Series 69,Thriller,2024-11-25,9673992
show_0477,ANI Series 477,Animation,2024-11-30,20445746
show_0262,DRA Series 262,Drama,2024-12-09,6929865
show_0240,ROM Series 240,Romance,2024-12-30,1829134
show_0027,ROM Series 27,Romance,2025-01-11,2653322
show_0398,COM Series 398,Comedy,2025-01-12,5840322
show_0452,HOR Series 452,Horror,2025-01-18,3235396
show_0121,THR Series 121,Thriller,2025-01-19,12696888
show_0351,DOC Series 351,Documentary,2025-01-21,1213062
show_0184,SCI Series 184,Sci-Fi,2025-01-26,36028598
show_0168,ROM Series 168,Romance,2025-01-31,2779430
show_0183,DRA Series 183,Drama,2025-02-05,9227269
show_0278,SCI Series 278,Sci-Fi,2025-02-10,41865286
show_0303,SCI Series 303,Sci-Fi,2025-03-02,25485235
show_0295,ROM Series 295,Romance,2025-03-06,3435443
show_0098,DOC Series 98,Documentary,2025-03-06,1036465
show_0056,COM Series 56,Comedy,2025-03-08,5431897
show_0237,SCI Series 237,Sci-Fi,2025-03-09,17018452
show_0347,DRA Series 347,Drama,2025-03-12,16346728
show_0218,DOC Series 218,Documentary,2025-03-17,725664
show_0359,DRA Series 359,Drama,2025-04-02,7457020
show_0009,DRA Series 9,Drama,2025-04-05,8929885
show_0012,DRA Series 12,Drama,2025-04-22,11494301
show_0474,DRA Series 474,Drama,2025-04-25,12344596
show_0004,THR Series 4,Thriller,2025-04-26,15031546
show_0445,COM Series 445,Comedy,2025-04-29,6084706
show_0133,THR Series 133,Thriller,2025-05-10,12045430
show_0137,SCI Series 137,Sci-Fi,2025-05-18,24211357
show_0362,HOR Series 362,Horror,2025-05-22,2876598
show_0172,ROM Series 172,Romance,2025-06-03,4930934
show_0409,DRA Series 409,Drama,2025-06-07,9129967
show_0327,ANI Series 327,Animation,2025-06-14,15806722
show_0236,COM Series 236,Comedy,2025-06-21,6097281
show_0148,DRA Series 148,Drama,2025-06-23,9737204
show_0037,ANI Series 37,Animation,2025-07-06,13329766
show_0221,DOC Series 221,Documentary,2025-07-13,972843
show_0187,SCI Series 187,Sci-Fi,2025-07-18,26750224
show_0199,HOR Series 199,Horror,2025-07-21,1915793
show_0045,ANI Series 45,Animation,2025-07-25,15595126
show_0223,ROM Series 223,Romance,2025-08-03,5516233
show_0110,DRA Series 110,Drama,2025-08-14,8717587
show_0174,SCI Series 174,Sci-Fi,2025-08-15,36404810
show_0469,ANI Series 469,Animation,2025-08-25,16319703
show_0074,COM Series 74,Comedy,2025-09-02,6153953
show_0111,ANI Series 111,Animation,2025-09-14,20835337
show_0202,HOR Series 202,Horror,2025-09-25,3737628
show_0348,DOC Series 348,Documentary,2025-10-14,1130988
show_0341,SCI Series 341,Sci-Fi,2025-10-17,43366227
show_0283,SCI Series 283,Sci-Fi,2025-10-19,26564176
show_0342,ANI Series 342,Animation,2025-10-21,20656236
show_0154,DRA Series 154,Drama,2025-11-19,10152242
show_0496,DRA Series 496,Drama,2025-12-05,11001030
show_0305,ROM Series 305,Romance,2025-12-24,3276661
